Machine,CPU usage
feckless,72.500000
fence,58.800000
felicity,30.900000
feature,27.300000
fetlock,12.500000
fez,3.100000
fever,1.900000
feudal,0.000000