Machine,Ping
feckless,0.639000
fence,0.368000
few,0.292000
feature,0.230000
feudal,0.214000
felicity,0.214000
fetlock,0.197000
fever,0.188000
fez,0.183000