Machine,CPU usage
fence,94.600000
feature,94.000000
felicity,93.200000
fetlock,92.600000
feckless,92.000000
feudal,91.100000
fever,71.600000
fez,10.600000