Machine,CPU usage
feckless,72.500000
fence,64.200000
felicity,30.600000
feature,17.500000
fetlock,12.500000
fez,3.100000
fever,1.900000
feudal,0.000000