Machine,Ping
feckless,0.462000
feature,0.386000
few,0.292000
fence,0.292000
felicity,0.258000
feudal,0.227000
fetlock,0.226000
fever,0.226000
fez,0.181000