Machine,Ping
fence,0.305000
few,0.301000
feckless,0.295000
feature,0.220000
felicity,0.214000
fetlock,0.212000
feudal,0.208000
fez,0.194000
fever,0.186000