Machine,Ping
felicity,0.538000
feckless,0.421000
few,0.343000
fetlock,0.321000
feudal,0.279000
feature,0.264000
fence,0.237000
fever,0.222000
fez,0.219000